id,label,category,type,unit,min,max,options,synonyms,exclusive_group,conflicts_with,implies,requires_geo_feature
price.per_night,Price per night,price,range,EUR,0,5000,,budget|under|max price|cheap|per night,,,,
price.total_stay,Total price for stay,price,range,EUR,0,50000,,total budget|whole trip budget,,,,
price.discount_percent,Discount vs. usual price,price,range,%,0,90,,deal|sale|best deals|discount,,,,
price.deal_score,Deal score (price vs. area median),price,range,score,0,100,,good value|bargain|best deal,,,,
price.free_cancellation,Free cancellation,price,boolean,,,,,refundable|can cancel,,price.non_refundable_ok,,
price.non_refundable_ok,Show non-refundable rates,price,boolean,,,,,non refundable fine|cheapest rate,,price.free_cancellation,,
price.no_prepayment,No prepayment,price,boolean,,,,,pay later|no deposit,,,,
price.pay_at_property,Pay at the property,price,boolean,,,,,pay on arrival|pay at hotel,,,,
price.book_now_pay_later,"Book now, pay later",price,boolean,,,,,,,,,
price.taxes_included,Price includes taxes & fees,price,boolean,,,,,all in price|no hidden fees,,,,
price.member_price,Member / loyalty price available,price,boolean,,,,,,,,,
price.mobile_only_deal,Mobile-only deal,price,boolean,,,,,,,,,
price.last_minute_deal,Last-minute deal,price,boolean,,,,,last minute,,,,
price.early_booking_deal,Early-booking deal,price,boolean,,,,,early bird,,,,
price.long_stay_discount,Long-stay discount,price,boolean,,,,,weekly rate|monthly rate,,,,
price.price_drop_recent,Price dropped recently,price,boolean,,,,,,,,,
price.installments,Pay in installments,price,boolean,,,,,,,,,
price.crypto_payment,Accepts cryptocurrency,price,boolean,,,,,,,,,
price.cash_payment,Accepts cash,price,boolean,,,,,,,,,
price.amex_accepted,Accepts American Express,price,boolean,,,,,,,,,
price.visa_mastercard_accepted,Accepts Visa / Mastercard,price,boolean,,,,,,,,,
price.unionpay_accepted,Accepts UnionPay,price,boolean,,,,,,,,,
price.jcb_accepted,Accepts JCB,price,boolean,,,,,,,,,
price.apple_google_pay,Apple Pay / Google Pay,price,boolean,,,,,,,,,
price.no_credit_card_needed,No credit card needed to book,price,boolean,,,,,,,,,
price.city_tax_included,City tax included,price,boolean,,,,,,,,,
price.free_breakfast_deal,Deal includes free breakfast,price,boolean,,,,,,,,,
price.free_upgrade_deal,Deal includes room upgrade,price,boolean,,,,,,,,,
price.price_match,Price-match guarantee,price,boolean,,,,,,,,,
rating.stars,Star rating,rating,range,stars,0,5,,star|5 star|luxury|3-star,,,,
rating.guest_score,Guest review score,rating,range,score,0,10,,well rated|good reviews|highly rated,,,,
rating.review_count,Number of reviews,rating,range,reviews,0,50000,,popular|lots of reviews,,,,
rating.cleanliness_score,Cleanliness score,rating,range,score,0,10,,,,,,
rating.comfort_score,Comfort score,rating,range,score,0,10,,,,,,
rating.location_score,Location score,rating,range,score,0,10,,,,,,
rating.staff_score,Staff score,rating,range,score,0,10,,,,,,
rating.value_score,Value score,rating,range,score,0,10,,,,,,
rating.facilities_score,Facilities score,rating,range,score,0,10,,,,,,
rating.wifi_score,Wifi score,rating,range,score,0,10,,,,,,
rating.breakfast_score,Breakfast score,rating,range,score,0,10,,,,,,
rating.quietness_score,Quietness score,rating,range,score,0,10,,,,,,
rating.bed_comfort_score,Bed comfort score,rating,range,score,0,10,,,,,,
rating.bathroom_score,Bathroom score,rating,range,score,0,10,,,,,,
rating.food_score,Food score,rating,range,score,0,10,,,,,,
rating.check_in_experience_score,Check in experience score,rating,range,score,0,10,,,,,,
rating.family_friendliness_score,Family friendliness score,rating,range,score,0,10,,,,,,
rating.romance_score,Romance score,rating,range,score,0,10,,,,,,
rating.business_friendliness_score,Business friendliness score,rating,range,score,0,10,,,,,,
rating.accessibility_score,Accessibility score,rating,range,score,0,10,,,,,,
rating.sustainability_score,Sustainability score,rating,range,score,0,10,,,,,,
rating.pet_experience_score,Pet experience score,rating,range,score,0,10,,,,,,
rating.pool_score,Pool score,rating,range,score,0,10,,,,,,
rating.travellers_choice,Guest favourite / traveller's choice award,rating,boolean,,,,,,,,,
rating.verified_reviews_only,Rating from verified stays only,rating,boolean,,,,,,,,,
rating.recently_renovated,Renovated in the last 3 years,rating,boolean,,,,,renovated|newly refurbished,,,,
rating.newly_opened,Opened in the last 2 years,rating,boolean,,,,,new hotel,,,,
rating.solo_traveller_favourite,Popular with solo travellers,rating,boolean,,,,,solo,,,,
rating.couples_favourite,Popular with couples,rating,boolean,,,,,,,,,
rating.families_favourite,Popular with families,rating,boolean,,,,,,,,,
rating.business_favourite,Popular with business travellers,rating,boolean,,,,,,,,,
rating.digital_nomad_favourite,Popular with digital nomads,rating,boolean,,,,,remote work,,,,
rating.groups_favourite,Popular with groups,rating,boolean,,,,,,,,,
rating.year_built,Year built,rating,range,year,1100,2027,,historic|modern building,,,,
rating.year_renovated,Year last renovated,rating,range,year,1950,2027,,,,,,
property_type.hotel,Hotel,property_type,boolean,,,,,,,,,
property_type.boutique_hotel,Boutique Hotel,property_type,boolean,,,,,boutique|small hotel|intimate hotel,,,,
property_type.design_hotel,Design Hotel,property_type,boolean,,,,,,,,,
property_type.bed_and_breakfast,Bed & Breakfast,property_type,boolean,,,,,b&b|bnb,,,,
property_type.guesthouse,Guesthouse,property_type,boolean,,,,,,,,,
property_type.inn,Inn,property_type,boolean,,,,,,,,,
property_type.motel,Motel,property_type,boolean,,,,,,,,,
property_type.hostel,Hostel,property_type,boolean,,,,,backpacker|dorm,,style.luxury,,
property_type.capsule_hotel,Capsule Hotel,property_type,boolean,,,,,,,,,
property_type.pod_hotel,Pod Hotel,property_type,boolean,,,,,,,,,
property_type.aparthotel,Aparthotel,property_type,boolean,,,,,,,,,
property_type.serviced_apartment,Serviced Apartment,property_type,boolean,,,,,,,,,
property_type.apartment,Apartment,property_type,boolean,,,,,flat|airbnb style|self-catering,,,,
property_type.holiday_home,Holiday Home,property_type,boolean,,,,,,,,,
property_type.villa,Villa,property_type,boolean,,,,,,,,,
property_type.chalet,Chalet,property_type,boolean,,,,,,,,,
property_type.cottage,Cottage,property_type,boolean,,,,,,,,,
property_type.cabin,Cabin,property_type,boolean,,,,,,,,,
property_type.bungalow,Bungalow,property_type,boolean,,,,,,,,,
property_type.lodge,Lodge,property_type,boolean,,,,,,,,,
property_type.resort,Resort,property_type,boolean,,,,,,,,,
property_type.all_inclusive_resort,All Inclusive Resort,property_type,boolean,,,,,,,,,
property_type.spa_resort,Spa Resort,property_type,boolean,,,,,,,,,
property_type.ski_resort_hotel,Ski Resort Hotel,property_type,boolean,,,,,,,,,
property_type.golf_resort,Golf Resort,property_type,boolean,,,,,,,,,
property_type.beach_resort,Beach Resort,property_type,boolean,,,,,,,,,
property_type.eco_lodge,Eco Lodge,property_type,boolean,,,,,,,,,
property_type.farm_stay,Farm Stay,property_type,boolean,,,,,,,,,
property_type.agritourism,Agritourism,property_type,boolean,,,,,,,,,
property_type.ryokan,Ryokan,property_type,boolean,,,,,japanese inn|tatami,,,,
property_type.minshuku,Minshuku,property_type,boolean,,,,,,,,,
property_type.machiya,Machiya,property_type,boolean,,,,,,,,,
property_type.riad,Riad,property_type,boolean,,,,,,,,,
property_type.dar,Dar,property_type,boolean,,,,,,,,,
property_type.kasbah,Kasbah,property_type,boolean,,,,,,,,,
property_type.castle,Castle,property_type,boolean,,,,,,,,,
property_type.palace,Palace,property_type,boolean,,,,,,,,,
property_type.manor_house,Manor House,property_type,boolean,,,,,,,,,
property_type.country_house,Country House,property_type,boolean,,,,,,,,,
property_type.monastery_stay,Monastery Stay,property_type,boolean,,,,,,,,,
property_type.lighthouse,Lighthouse,property_type,boolean,,,,,,,,,
property_type.houseboat,Houseboat,property_type,boolean,,,,,,,,,
property_type.boat_hotel,Boat Hotel,property_type,boolean,,,,,,,,,
property_type.treehouse,Treehouse,property_type,boolean,,,,,,,,,
property_type.glamping,Glamping,property_type,boolean,,,,,,,,,
property_type.tented_camp,Tented Camp,property_type,boolean,,,,,,,,,
property_type.yurt,Yurt,property_type,boolean,,,,,,,,,
property_type.igloo,Igloo,property_type,boolean,,,,,,,,,
property_type.cave_hotel,Cave Hotel,property_type,boolean,,,,,,,,,
property_type.overwater_bungalow,Overwater Bungalow,property_type,boolean,,,,,,,,,
property_type.love_hotel,Love Hotel,property_type,boolean,,,,,,,,,
property_type.homestay,Homestay,property_type,boolean,,,,,,,,,
property_type.pension,Pension,property_type,boolean,,,,,,,,,
property_type.pousada,Pousada,property_type,boolean,,,,,,,,,
property_type.parador,Parador,property_type,boolean,,,,,,,,,
property_type.hacienda,Hacienda,property_type,boolean,,,,,,,,,
property_type.trullo,Trullo,property_type,boolean,,,,,,,,,
property_type.dammuso,Dammuso,property_type,boolean,,,,,,,,,
property_type.masseria,Masseria,property_type,boolean,,,,,,,,,
property_type.gite,Gite,property_type,boolean,,,,,,,,,
property_type.tiny_house,Tiny House,property_type,boolean,,,,,,,,,
property_type.container_hotel,Container Hotel,property_type,boolean,,,,,,,,,
property_type.condo_hotel,Condo Hotel,property_type,boolean,,,,,,,,,
property_type.residence,Residence,property_type,boolean,,,,,,,,,
property_type.student_residence,Student Residence,property_type,boolean,,,,,,,,,
property_type.extended_stay_hotel,Extended Stay Hotel,property_type,boolean,,,,,,,,,
property_type.airport_hotel,Airport Hotel,property_type,boolean,,,,,,,,,
property_type.casino_hotel,Casino Hotel,property_type,boolean,,,,,,,,,
property_type.heritage_hotel,Heritage Hotel,property_type,boolean,,,,,,,,,
property_type.safari_lodge,Safari Lodge,property_type,boolean,,,,,,,,,
property_type.mountain_hut,Mountain Hut,property_type,boolean,,,,,,,,,
property_type.wine_estate,Wine Estate,property_type,boolean,,,,,,,,,
style.independent,Independent (not part of a chain),style,boolean,,,,,not a chain|no chain|non-chain|independent,,style.chain,,
style.chain,Part of a hotel chain,style,boolean,,,,,chain hotel|big brand,,style.independent|style.family_run,,
style.family_run,Family-run,style,boolean,,,,,family owned|run by a family|owner operated,,style.chain,style.independent,
style.small_property,Small property (≤ 30 rooms),style,boolean,,,,,small|intimate|cozy|cosy,,style.large_property,,
style.large_property,Large property (200+ rooms),style,boolean,,,,,big hotel|large hotel,,style.small_property,,
style.quiet_atmosphere,Quiet atmosphere,style,boolean,,,,,quiet|calm|peaceful|tranquil,,style.party_atmosphere,,
style.party_atmosphere,Lively / party atmosphere,style,boolean,,,,,party|lively|social|nightlife hotel,,style.quiet_atmosphere,,
style.romantic,Romantic,style,boolean,,,,,honeymoon|couples getaway,,,,
style.luxury,Luxury,style,boolean,,,,,luxurious|high end|5-star feel,,style.budget_style|property_type.hostel,,
style.budget_style,Budget / no-frills,style,boolean,,,,,cheap|basic|no frills,,style.luxury,,
style.design_focus,Design-led interiors,style,boolean,,,,,designer|stylish|instagrammable,,,,
style.historic_building,Historic building,style,boolean,,,,,historic|old building|monument|heritage,,,,
style.modern_building,Modern / contemporary building,style,boolean,,,,,modern|contemporary,,,,
style.minimalist,Minimalist style,style,boolean,,,,,,,,,
style.rustic,Rustic style,style,boolean,,,,,countryside feel,,,,
style.art_hotel,Art hotel / gallery on site,style,boolean,,,,,art,,,,
style.cozy,Cozy / homely,style,boolean,,,,,cosy|homely|warm atmosphere,,,,
style.adults_only,Adults only,style,boolean,,,,,no kids|child free|adults-only,,style.kids_welcome|family.kids_club|family.kids_stay_free,,
style.kids_welcome,Kids welcome,style,boolean,,,,,child friendly|family friendly,,style.adults_only,,
style.lgbtq_friendly,LGBTQ+ friendly,style,boolean,,,,,gay friendly|queer friendly,,,,
style.women_only_floor,Women-only floor / rooms,style,boolean,,,,,,,,,
style.digital_detox,Digital detox,style,boolean,,,,,no wifi retreat,,connectivity.free_wifi,,
style.wellness_retreat,Wellness retreat,style,boolean,,,,,,,,,
style.eco_style,Eco / sustainable style,style,boolean,,,,,eco|green hotel,,,,
style.hip_trendy,Hip / trendy,style,boolean,,,,,trendy|cool,,,,
style.traditional_local,Traditional local style,style,boolean,,,,,authentic|local style,,,,
style.secluded,Secluded / remote,style,boolean,,,,,remote|off the beaten path|isolated,,,,
style.instagram_worthy,Photogenic / instagram-worthy,style,boolean,,,,,,,,,
style.pet_themed,Pet-themed / cat café hotel,style,boolean,,,,,,,,,
style.themed_rooms,Themed rooms,style,boolean,,,,,,,,,
style.smoke_free_property,Entirely smoke-free property,style,boolean,,,,,no smoking at all,,policies.smoking_rooms|style.smoking_allowed_property,,
style.smoking_allowed_property,Smoking allowed areas,style,boolean,,,,,smoker friendly,,style.smoke_free_property,,
style.alcohol_free_property,Alcohol-free property,style,boolean,,,,,dry hotel|no alcohol,,meals.bar|meals.wine_bar|meals.cocktail_bar,,
style.muslim_friendly,Muslim-friendly,style,boolean,,,,,halal friendly,,,,
style.kosher_friendly,Kosher-friendly,style,boolean,,,,,,,,,
style.religious_retreat,Religious / spiritual retreat,style,boolean,,,,,,,,,
style.student_friendly,Student-friendly,style,boolean,,,,,,,,,
style.senior_friendly,Senior-friendly,style,boolean,,,,,elderly,,,,
style.solo_friendly,Solo-traveller friendly (no single supplement),style,boolean,,,,,solo|single traveller,,,,
style.group_friendly,Group-friendly,style,boolean,,,,,large group|stag|hen party,,,,
location.distance_to_center,Distance to city centre,location,range,km,0,50,,central|city centre|downtown|walking distance,,,,
location.distance_to_airport,Distance to airport,location,range,km,0,100,,near airport|close to airport,,,,
location.distance_to_main_train_station,Distance to main train station,location,range,km,0,100,,near main train station|close to main train station,,,,
location.distance_to_metro_station,Distance to metro station,location,range,km,0,100,,near metro station|close to metro station,,,,
location.distance_to_tram_stop,Distance to tram stop,location,range,km,0,100,,near tram stop|close to tram stop,,,,
location.distance_to_bus_station,Distance to bus station,location,range,km,0,100,,near bus station|close to bus station,,,,
location.distance_to_ferry_terminal,Distance to ferry terminal,location,range,km,0,100,,near ferry terminal|close to ferry terminal,,,,
location.distance_to_cruise_port,Distance to cruise port,location,range,km,0,100,,near cruise port|close to cruise port,,,,
location.distance_to_beach,Distance to beach,location,range,km,0,100,,near beach|close to beach,,,,coast
location.distance_to_ski_lift,Distance to ski lift,location,range,km,0,100,,near ski lift|close to ski lift,,,,ski_area
location.distance_to_old_town,Distance to old town,location,range,km,0,100,,near old town|close to old town,,,,
location.distance_to_convention_center,Distance to convention center,location,range,km,0,100,,near convention center|close to convention center,,,,
location.distance_to_exhibition_center,Distance to exhibition center,location,range,km,0,100,,near exhibition center|close to exhibition center,,,,
location.distance_to_stadium,Distance to stadium,location,range,km,0,100,,near stadium|close to stadium,,,,
location.distance_to_university,Distance to university,location,range,km,0,100,,near university|close to university,,,,
location.distance_to_hospital,Distance to hospital,location,range,km,0,100,,near hospital|close to hospital,,,,
location.distance_to_theme_park,Distance to theme park,location,range,km,0,100,,near theme park|close to theme park,,,,
location.distance_to_national_park,Distance to national park,location,range,km,0,100,,near national park|close to national park,,,,
location.distance_to_lake,Distance to lake,location,range,km,0,100,,near lake|close to lake,,,,
location.distance_to_river,Distance to river,location,range,km,0,100,,near river|close to river,,,,
location.distance_to_harbour,Distance to harbour,location,range,km,0,100,,near harbour|close to harbour,,,,
location.distance_to_shopping_mall,Distance to shopping mall,location,range,km,0,100,,near shopping mall|close to shopping mall,,,,
location.distance_to_main_shopping_street,Distance to main shopping street,location,range,km,0,100,,near main shopping street|close to main shopping street,,,,
location.distance_to_nightlife_district,Distance to nightlife district,location,range,km,0,100,,near nightlife district|close to nightlife district,,,,
location.distance_to_museum_quarter,Distance to museum quarter,location,range,km,0,100,,near museum quarter|close to museum quarter,,,,
location.distance_to_business_district,Distance to business district,location,range,km,0,100,,near business district|close to business district,,,,
location.distance_to_golf_course,Distance to golf course,location,range,km,0,100,,near golf course|close to golf course,,,,
location.distance_to_marina,Distance to marina,location,range,km,0,100,,near marina|close to marina,,,,
location.distance_to_hiking_trailhead,Distance to hiking trailhead,location,range,km,0,100,,near hiking trailhead|close to hiking trailhead,,,,
location.distance_to_zoo,Distance to zoo,location,range,km,0,100,,near zoo|close to zoo,,,,
location.distance_to_casino,Distance to casino,location,range,km,0,100,,near casino|close to casino,,,,
location.distance_to_concert_hall,Distance to concert hall,location,range,km,0,100,,near concert hall|close to concert hall,,,,
location.distance_to_christmas_market,Distance to christmas market,location,range,km,0,100,,near christmas market|close to christmas market,,,,
location.distance_to_vineyard,Distance to vineyard,location,range,km,0,100,,near vineyard|close to vineyard,,,,
location.distance_to_hot_spring,Distance to hot spring,location,range,km,0,100,,near hot spring|close to hot spring,,,,
location.distance_to_landmark,Distance to landmark,location,range,km,0,100,,near landmark|close to landmark,,,,
location.walk_score,Walkability score,location,range,score,0,100,,walkable,,,,
location.transit_score,Public transport score,location,range,score,0,100,,good transport,,,,
location.neighbourhood_safety,Neighbourhood safety score,location,range,score,0,10,,safe area,,,,
location.neighbourhood_noise,Neighbourhood noise level (lower = quieter),location,range,dB,30,90,,quiet street|noisy,,,,
location.elevation,Elevation,location,range,m,0,5000,,altitude|mountain,,,,
location.beachfront,Beachfront,location,boolean,,,,,on the beach|beach front,,,,coast
location.lakefront,Lakefront,location,boolean,,,,,on the lake,,,,lake
location.riverside,Riverside,location,boolean,,,,,by the river|canal side,,,,
location.canal_side,Canal-side,location,boolean,,,,,on a canal,,,,canals
location.oceanfront,Oceanfront,location,boolean,,,,,sea front|seafront,,,,coast
location.ski_in_ski_out,Ski-in / ski-out,location,boolean,,,,,ski in|slope side,,,location.mountain_location,ski_area
location.in_old_town,In the old town,location,boolean,,,,,historic centre|old town,,,,
location.city_centre,In the city centre,location,boolean,,,,,central|centre|downtown,,location.countryside,,
location.quiet_street,On a quiet street,location,boolean,,,,,no traffic noise|quiet location,,,,
location.pedestrian_zone,In a pedestrian zone,location,boolean,,,,,,,,,
location.near_nightlife,Near nightlife,location,boolean,,,,,bars nearby|going out,,,,
location.near_restaurants,Many restaurants nearby,location,boolean,,,,,,,,,
location.near_supermarket,Supermarket within 500 m,location,boolean,,,,,,,,,
location.near_park,Park within 500 m,location,boolean,,,,,green area,,,,
location.near_public_transport,Public transport within 300 m,location,boolean,,,,,,,,,
location.countryside,Countryside,location,boolean,,,,,rural|nature,,location.city_centre,,
location.mountain_location,In the mountains,location,boolean,,,,,alps|mountains,,,,mountains
location.island_location,On an island,location,boolean,,,,,,,,,
location.desert_location,In the desert,location,boolean,,,,,,,,,desert
location.forest_location,In a forest,location,boolean,,,,,woods,,,,
location.vineyard_location,In a vineyard / wine region,location,boolean,,,,,,,,,
location.airport_area,Airport area,location,boolean,,,,,near airport|layover,,,,
location.business_area,Business district,location,boolean,,,,,,,,,
location.residential_area,Residential area,location,boolean,,,,,local neighbourhood,,,,
location.waterfront,Waterfront,location,boolean,,,,,,,,,
location.hilltop,Hilltop,location,boolean,,,,,,,,,
location.cliffside,Cliffside,location,boolean,,,,,,,,,
location.private_island,Private island,location,boolean,,,,,,,,,
location.gated_area,Gated community,location,boolean,,,,,,,,,
location.car_free_area,Car-free area,location,boolean,,,,,,,,,
room.size,Room size,room,range,m2,5,500,,square meters|sqm|m2|spacious|big room,,,,
room.bedrooms,Number of bedrooms,room,range,rooms,0,10,,2 bedroom|separate bedroom,,,,
room.bathrooms,Number of bathrooms,room,range,rooms,1,8,,two bathrooms,,,,
room.beds,Number of beds,room,range,beds,1,12,,,,,,
room.floor_level,Floor level,room,range,floor,-1,100,,high floor|ground floor|top floor,,,,
room.ceiling_height,Ceiling height,room,range,m,2,6,,high ceilings,,,,
room.max_occupancy,Max occupancy of the room,room,range,people,1,20,,,,,,
room.studio,Studio layout,room,boolean,,,,,,,,,
room.suite,Suite,room,boolean,,,,,junior suite,,,,
room.separate_living_room,Separate living room,room,boolean,,,,,living area|lounge area,,,,
room.loft,Loft / duplex,room,boolean,,,,,duplex|mezzanine,,,,
room.penthouse,Penthouse,room,boolean,,,,,,,,,
room.connecting_rooms,Connecting rooms available,room,boolean,,,,,interconnecting|adjoining rooms,,,,
room.family_room,Family room,room,boolean,,,,,room for 4,,,,
room.dormitory,Dormitory bed,room,boolean,,,,,dorm bed|shared room,,room.private_room|room.entire_place,,
room.female_dorm,Female-only dorm,room,boolean,,,,,,,,,
room.private_room,Private room,room,boolean,,,,,,,room.dormitory,,
room.entire_place,Entire place to yourself,room,boolean,,,,,whole apartment|entire home,,room.dormitory,,
room.single_room,Single room,room,boolean,,,,,,,,,
room.floor_space_exercise,Open floor space (yoga / exercise),room,boolean,,,,,yoga|stretch|floor space|workout space,,,,
room.dining_area,Dining area,room,boolean,,,,,,,,,
room.walk_in_closet,Walk-in closet,room,boolean,,,,,,,,,
room.ground_floor_room,Ground-floor room,room,boolean,,,,,no stairs room,,room.top_floor_room,,
room.top_floor_room,Top-floor room,room,boolean,,,,,,,room.ground_floor_room,,
room.corner_room,Corner room,room,boolean,,,,,,,,,
room.private_entrance,Private entrance,room,boolean,,,,,,,,,
room.private_garden,Private garden,room,boolean,,,,,,,,,
room.private_pool,Private pool,room,boolean,,,,,plunge pool,,,,
room.private_hot_tub,Private hot tub,room,boolean,,,,,private jacuzzi,,,,
room.private_sauna,Private sauna,room,boolean,,,,,,,,,
room.rooftop_access,Private rooftop access,room,boolean,,,,,,,,,
beds.double_bed,Double bed (single mattress),beds,boolean,,,,,real double bed|proper double|not two twins|double bed,,beds.twin_beds,,
beds.queen_bed,Queen bed,beds,boolean,,,,,queen,,,beds.double_bed,
beds.king_bed,King bed,beds,boolean,,,,,king size|king,,,beds.double_bed,
beds.super_king_bed,Super-king bed,beds,boolean,,,,,,,,beds.double_bed,
beds.twin_beds,Twin beds,beds,boolean,,,,,two single beds|twins,,beds.double_bed,,
beds.single_bed,Single bed,beds,boolean,,,,,,,,,
beds.bunk_bed,Bunk bed,beds,boolean,,,,,,,,,
beds.sofa_bed,Sofa bed,beds,boolean,,,,,pull out couch,,,,
beds.futon,Futon,beds,boolean,,,,,tatami bed,,,,
beds.water_bed,Water bed,beds,boolean,,,,,,,,,
beds.round_bed,Round bed,beds,boolean,,,,,,,,,
beds.canopy_bed,Four-poster / canopy bed,beds,boolean,,,,,,,,,
beds.extra_long_bed,Extra-long bed (≥ 210 cm),beds,boolean,,,,,tall person|long bed,,,,
beds.adjustable_bed,Adjustable bed,beds,boolean,,,,,,,,,
beds.bed_width,Bed width,beds,range,cm,80,240,,wide bed,,,,
beds.crib_available,Cot / crib available,beds,boolean,,,,,baby cot|crib,,,,
beds.extra_bed_available,Extra bed available,beds,boolean,,,,,rollaway,,,,
beds.pillow_menu,Pillow menu,beds,boolean,,,,,,,,,
beds.hypoallergenic_bedding,Hypoallergenic bedding,beds,boolean,,,,,allergy|allergies,,,,
beds.feather_free_bedding,Feather-free bedding,beds,boolean,,,,,,,,,
beds.memory_foam_mattress,Memory foam mattress,beds,boolean,,,,,,,,,
beds.firm_mattress,Firm mattress,beds,boolean,,,,,hard mattress,,beds.soft_mattress,,
beds.soft_mattress,Soft mattress,beds,boolean,,,,,,,beds.firm_mattress,,
beds.premium_linen,Premium linen (Egyptian cotton etc.),beds,boolean,,,,,,,,,
beds.blackout_curtains,Blackout curtains,beds,boolean,,,,,dark room|blackout blinds,,,,
beds.soundproofing,Soundproofed room,beds,boolean,,,,,soundproof|no hallway noise|can't hear bar|quiet room|good insulation,,,,
beds.away_from_elevator,Room away from elevator / bar,beds,boolean,,,,,away from noise,,,,
beds.sleep_kit,"Sleep kit (earplugs, eye mask)",beds,boolean,,,,,earplugs,,,,
beds.white_noise_machine,White-noise machine,beds,boolean,,,,,,,,,
beds.reading_lights_both_sides,Reading light on both sides of the bed,beds,boolean,,,,,bedside lamps both sides|reading light,,,,
beds.sockets_by_bed,Power sockets next to the bed,beds,boolean,,,,,plug by bed,,,,
beds.turndown_service,Turndown service,beds,boolean,,,,,,,,,
bathroom.private_bathroom,Private bathroom,bathroom,boolean,,,,,ensuite|en-suite,,bathroom.shared_bathroom,,
bathroom.shared_bathroom,Shared bathroom,bathroom,boolean,,,,,,,bathroom.private_bathroom,,
bathroom.rain_shower,Rain shower,bathroom,boolean,,,,,rainfall shower,,,bathroom.private_bathroom,
bathroom.walk_in_shower,Walk-in shower,bathroom,boolean,,,,,,,,,
bathroom.bathtub,Bathtub,bathroom,boolean,,,,,bath|tub,,,,
bathroom.freestanding_bathtub,Freestanding bathtub,bathroom,boolean,,,,,,,,,
bathroom.shower_and_bathtub,Separate shower and bathtub,bathroom,boolean,,,,,,,,,
bathroom.jacuzzi_bathtub,Jacuzzi / whirlpool bathtub,bathroom,boolean,,,,,,,,,
bathroom.double_sink,Double sink,bathroom,boolean,,,,,,,,,
bathroom.bidet,Bidet,bathroom,boolean,,,,,,,,,
bathroom.japanese_toilet,Japanese smart toilet,bathroom,boolean,,,,,washlet,,,,
bathroom.separate_toilet,Separate toilet,bathroom,boolean,,,,,,,,,
bathroom.heated_floor_bathroom,Heated bathroom floor,bathroom,boolean,,,,,,,,,
bathroom.bathrobe,Bathrobe,bathroom,boolean,,,,,,,,,
bathroom.slippers,Slippers,bathroom,boolean,,,,,,,,,
bathroom.premium_toiletries,Premium toiletries,bathroom,boolean,,,,,,,,,
bathroom.refillable_toiletries,Refillable toiletries (no mini bottles),bathroom,boolean,,,,,,,,,
bathroom.hairdryer,Hairdryer,bathroom,boolean,,,,,,,,,
bathroom.magnifying_mirror,Magnifying mirror,bathroom,boolean,,,,,,,,,
bathroom.towel_warmer,Towel warmer,bathroom,boolean,,,,,,,,,
bathroom.steam_shower,Steam shower,bathroom,boolean,,,,,,,,,
bathroom.outdoor_shower,Outdoor shower,bathroom,boolean,,,,,,,,,
bathroom.bathroom_window,Bathroom with window,bathroom,boolean,,,,,,,,,
bathroom.strong_water_pressure,Strong water pressure,bathroom,boolean,,,,,,,,,
room_amenities.air_conditioning,Air conditioning,room_amenities,boolean,,,,,ac|aircon,,,,
room_amenities.heating,Heating,room_amenities,boolean,,,,,,,,,
room_amenities.ceiling_fan,Ceiling fan,room_amenities,boolean,,,,,,,,,
room_amenities.individual_climate_control,Individual climate control,room_amenities,boolean,,,,,,,,,
room_amenities.fireplace,Fireplace,room_amenities,boolean,,,,,,,,,
room_amenities.balcony,Balcony,room_amenities,boolean,,,,,,,,,
room_amenities.terrace,Terrace,room_amenities,boolean,,,,,patio,,,,
room_amenities.opening_windows,Windows that open,room_amenities,boolean,,,,,fresh air|window opens,,,,
room_amenities.floor_to_ceiling_windows,Floor-to-ceiling windows,room_amenities,boolean,,,,,,,,,
room_amenities.natural_light,Lots of natural light,room_amenities,boolean,,,,,bright room|sunny,,,,
room_amenities.desk,Work desk,room_amenities,boolean,,,,,desk|workspace,,,,
room_amenities.ergonomic_chair,Ergonomic office chair,room_amenities,boolean,,,,,,,,,
room_amenities.external_monitor,External monitor,room_amenities,boolean,,,,,,,,,
room_amenities.seating_area,Seating area,room_amenities,boolean,,,,,armchair,,,,
room_amenities.sofa,Sofa,room_amenities,boolean,,,,,couch,,,,
room_amenities.wardrobe,Wardrobe,room_amenities,boolean,,,,,,,,,
room_amenities.clothes_rack,Clothes rack,room_amenities,boolean,,,,,,,,,
room_amenities.iron,Iron & ironing board,room_amenities,boolean,,,,,,,,,
room_amenities.trouser_press,Trouser press,room_amenities,boolean,,,,,,,,,
room_amenities.in_room_safe,In-room safe,room_amenities,boolean,,,,,safe,,,,
room_amenities.laptop_safe,Laptop-size safe,room_amenities,boolean,,,,,,,,,
room_amenities.tv,TV,room_amenities,boolean,,,,,,,,,
room_amenities.smart_tv,Smart TV,room_amenities,boolean,,,,,,,,,
room_amenities.streaming_services,Streaming services (Netflix etc.),room_amenities,boolean,,,,,netflix,,,,
room_amenities.chromecast,Screen casting (Chromecast / AirPlay),room_amenities,boolean,,,,,airplay,,,,
room_amenities.satellite_channels,Satellite channels,room_amenities,boolean,,,,,,,,,
room_amenities.bluetooth_speaker,Bluetooth speaker,room_amenities,boolean,,,,,,,,,
room_amenities.record_player,Record player,room_amenities,boolean,,,,,,,,,
room_amenities.game_console,Game console,room_amenities,boolean,,,,,playstation|xbox,,,,
room_amenities.usb_charging,USB charging ports,room_amenities,boolean,,,,,,,,,
room_amenities.universal_sockets,Universal power sockets,room_amenities,boolean,,,,,adapter,,,,
room_amenities.wireless_charger,Wireless phone charger,room_amenities,boolean,,,,,,,,,
room_amenities.telephone,Telephone,room_amenities,boolean,,,,,,,,,
room_amenities.alarm_clock,Alarm clock,room_amenities,boolean,,,,,,,,,
room_amenities.smart_room_controls,Smart room controls / tablet,room_amenities,boolean,,,,,,,,,
room_amenities.voice_assistant,Voice assistant,room_amenities,boolean,,,,,,,,,
room_amenities.air_purifier,Air purifier,room_amenities,boolean,,,,,,,,,
room_amenities.humidifier,Humidifier,room_amenities,boolean,,,,,,,,,
room_amenities.dehumidifier,Dehumidifier,room_amenities,boolean,,,,,,,,,
room_amenities.mosquito_net,Mosquito net,room_amenities,boolean,,,,,,,,,
room_amenities.full_length_mirror,Full-length mirror,room_amenities,boolean,,,,,,,,,
room_amenities.yoga_mat,Yoga mat in room,room_amenities,boolean,,,,,yoga mat,,,,
room_amenities.in_room_fitness,In-room fitness equipment,room_amenities,boolean,,,,,peloton,,,,
room_amenities.hammock,Hammock,room_amenities,boolean,,,,,,,,,
room_amenities.telescope,Telescope,room_amenities,boolean,,,,,,,,,
room_amenities.piano,Piano,room_amenities,boolean,,,,,,,,,
room_amenities.board_games,Board games,room_amenities,boolean,,,,,,,,,
room_amenities.books_library,Books in room,room_amenities,boolean,,,,,,,,,
room_amenities.umbrella,Umbrella provided,room_amenities,boolean,,,,,,,,,
room_amenities.luggage_rack,Luggage rack,room_amenities,boolean,,,,,,,,,
kitchen.kitchen,Full kitchen,kitchen,boolean,,,,,self catering|cook,,,,
kitchen.kitchenette,Kitchenette,kitchen,boolean,,,,,,,,,
kitchen.refrigerator,Refrigerator,kitchen,boolean,,,,,fridge,,,,
kitchen.minibar,Minibar,kitchen,boolean,,,,,,,,,
kitchen.free_minibar,Free minibar,kitchen,boolean,,,,,,,,,
kitchen.microwave,Microwave,kitchen,boolean,,,,,,,,,
kitchen.oven,Oven,kitchen,boolean,,,,,,,,,
kitchen.stovetop,Stovetop,kitchen,boolean,,,,,,,,,
kitchen.dishwasher,Dishwasher,kitchen,boolean,,,,,,,,,
kitchen.coffee_machine,Coffee machine,kitchen,boolean,,,,,nespresso|espresso,,,,
kitchen.kettle,Electric kettle,kitchen,boolean,,,,,tea,,,,
kitchen.toaster,Toaster,kitchen,boolean,,,,,,,,,
kitchen.blender,Blender,kitchen,boolean,,,,,,,,,
kitchen.cookware,Cookware & utensils,kitchen,boolean,,,,,,,,,
kitchen.dining_table,Dining table,kitchen,boolean,,,,,,,,,
kitchen.bottled_water_free,Free bottled water,kitchen,boolean,,,,,,,,,
kitchen.wine_cooler,Wine cooler,kitchen,boolean,,,,,,,,,
kitchen.baby_bottle_warmer,Baby bottle warmer,kitchen,boolean,,,,,,,,,
kitchen.outdoor_grill,Outdoor grill / BBQ,kitchen,boolean,,,,,bbq|barbecue,,,,
kitchen.washing_machine,Washing machine,kitchen,boolean,,,,,washer,,,,
kitchen.dryer,Tumble dryer,kitchen,boolean,,,,,,,,,
view.sea_view,Sea view,view,boolean,,,,,sea view,,,,coast
view.ocean_view,Ocean view,view,boolean,,,,,ocean view,,,,coast
view.lake_view,Lake view,view,boolean,,,,,lake view,,,,lake
view.river_view,River view,view,boolean,,,,,river view,,,,
view.canal_view,Canal view,view,boolean,,,,,canal view,,,,canals
view.mountain_view,Mountain view,view,boolean,,,,,mountain view,,,,mountains
view.city_view,City view,view,boolean,,,,,city view,,,,
view.skyline_view,Skyline view,view,boolean,,,,,skyline view,,,,
view.garden_view,Garden view,view,boolean,,,,,garden view,,,,
view.pool_view,Pool view,view,boolean,,,,,pool view,,,,
view.park_view,Park view,view,boolean,,,,,park view,,,,
view.courtyard_view,Courtyard view,view,boolean,,,,,courtyard view,,,,
view.landmark_view,Landmark view,view,boolean,,,,,landmark view,,,,
view.old_town_view,Old town view,view,boolean,,,,,old town view,,,,
view.volcano_view,Volcano view,view,boolean,,,,,volcano view,,,,volcano
view.vineyard_view,Vineyard view,view,boolean,,,,,vineyard view,,,,
view.forest_view,Forest view,view,boolean,,,,,forest view,,,,
view.desert_view,Desert view,view,boolean,,,,,desert view,,,,
view.harbour_view,Harbour view,view,boolean,,,,,harbour view,,,,
view.sunset_view,Sunset view,view,boolean,,,,,sunset view,,,,
view.sunrise_view,Sunrise view,view,boolean,,,,,sunrise view,,,,
view.ski_slope_view,Ski slope view,view,boolean,,,,,ski slope view,,,,ski_area
view.northern_lights_view,Northern lights view,view,boolean,,,,,northern lights view,,,,aurora_zone
view.no_view_ok,View not important (cheaper),view,boolean,,,,,,,,,
connectivity.wifi_speed,Wi-Fi speed (measured),connectivity,range,Mbps,1,2000,,fast wifi|strong wifi|good internet,,,,
connectivity.free_wifi,Free Wi-Fi,connectivity,boolean,,,,,wifi|internet,,style.digital_detox,,
connectivity.wifi_in_room,Wi-Fi in the room (not only lobby),connectivity,boolean,,,,,in-room wifi|wifi in room,,,connectivity.free_wifi,
connectivity.wired_ethernet,Wired ethernet,connectivity,boolean,,,,,lan cable,,,,
connectivity.mobile_hotspot,Portable hotspot provided,connectivity,boolean,,,,,pocket wifi,,,,
connectivity.free_international_calls,Free international calls,connectivity,boolean,,,,,,,,,
connectivity.coworking_space,Coworking lounge,connectivity,boolean,,,,,coworking|co-working|shared workspace,,,,
connectivity.reading_room,Reading room / library,connectivity,boolean,,,,,library|quiet lounge|reading room,,,,
connectivity.business_centre,Business centre,connectivity,boolean,,,,,,,,,
connectivity.meeting_rooms,Meeting rooms,connectivity,boolean,,,,,,,,,
connectivity.conference_hall,Conference hall,connectivity,boolean,,,,,,,,,
connectivity.event_space,Event space,connectivity,boolean,,,,,wedding venue,,,,
connectivity.printer_access,Printer access,connectivity,boolean,,,,,,,,,
connectivity.phone_booths,Private phone / video-call booths,connectivity,boolean,,,,,zoom booth,,,,
connectivity.day_use_rooms,Day-use rooms,connectivity,boolean,,,,,,,,,
connectivity.long_stay_work_setup,Remote-work room package,connectivity,boolean,,,,,workation,,,,
common_areas.lounge,Lounge,common_areas,boolean,,,,,,,,,
common_areas.lounge_natural_light,Lounge with natural light,common_areas,boolean,,,,,bright lounge|sunny lounge,,,,
common_areas.garden,Garden,common_areas,boolean,,,,,,,,,
common_areas.rooftop_terrace,Rooftop terrace,common_areas,boolean,,,,,roof terrace,,,,
common_areas.shared_kitchen,Shared kitchen,common_areas,boolean,,,,,,,,,
common_areas.games_room,Games room,common_areas,boolean,,,,,,,,,
common_areas.billiards,Billiards,common_areas,boolean,,,,,,,,,
common_areas.library,Library,common_areas,boolean,,,,,,,,,
common_areas.cinema_room,Cinema room,common_areas,boolean,,,,,,,,,
common_areas.music_room,Music room,common_areas,boolean,,,,,,,,,
common_areas.art_gallery,Art gallery,common_areas,boolean,,,,,,,,,
common_areas.chapel,Chapel,common_areas,boolean,,,,,,,,,
common_areas.prayer_room,Prayer room,common_areas,boolean,,,,,,,,,
common_areas.smoking_area,Designated smoking area,common_areas,boolean,,,,,,,,,
common_areas.courtyard,Courtyard,common_areas,boolean,,,,,,,,,
common_areas.sun_deck,Sun deck,common_areas,boolean,,,,,,,,,
common_areas.fire_pit,Fire pit,common_areas,boolean,,,,,,,,,
common_areas.picnic_area,Picnic area,common_areas,boolean,,,,,,,,,
common_areas.shared_lounge_tv,Shared TV lounge,common_areas,boolean,,,,,,,,,
common_areas.elevator,Elevator,common_areas,boolean,,,,,lift,,,,
common_areas.luggage_storage,Luggage storage,common_areas,boolean,,,,,,,,,
common_areas.lockers,Lockers,common_areas,boolean,,,,,,,,,
common_areas.gift_shop,Gift shop,common_areas,boolean,,,,,,,,,
common_areas.convenience_store,Convenience store on site,common_areas,boolean,,,,,,,,,
common_areas.atm_on_site,ATM on site,common_areas,boolean,,,,,,,,,
common_areas.hair_salon,Hair salon,common_areas,boolean,,,,,,,,,
common_areas.laundry_service,Laundry service,common_areas,boolean,,,,,,,,,
common_areas.self_service_laundry,Self-service laundry,common_areas,boolean,,,,,,,,,
common_areas.dry_cleaning,Dry cleaning,common_areas,boolean,,,,,,,,,
common_areas.shoe_shine,Shoe shine,common_areas,boolean,,,,,,,,,
meals.room_only,Room only,meals,boolean,,,,,room only,meal_plan,meals.buffet_breakfast,,
meals.breakfast_included,Breakfast included,meals,boolean,,,,,breakfast included,meal_plan,,,
meals.half_board,Half board,meals,boolean,,,,,half board,meal_plan,,meals.breakfast_included,
meals.full_board,Full board,meals,boolean,,,,,full board,meal_plan,,meals.breakfast_included|meals.dinner_included,
meals.all_inclusive,All inclusive,meals,boolean,,,,,all inclusive,meal_plan,,meals.breakfast_included|meals.dinner_included,
meals.ultra_all_inclusive,Ultra all inclusive,meals,boolean,,,,,ultra all inclusive,meal_plan,,,
meals.buffet_breakfast,Buffet breakfast,meals,boolean,,,,,,,meals.room_only,,
meals.continental_breakfast,Continental breakfast,meals,boolean,,,,,,,,,
meals.english_breakfast,Full English breakfast,meals,boolean,,,,,,,,,
meals.american_breakfast,American breakfast,meals,boolean,,,,,,,,,
meals.asian_breakfast,Asian breakfast,meals,boolean,,,,,,,,,
meals.breakfast_in_bed,Breakfast in bed,meals,boolean,,,,,,,,,
meals.late_breakfast,Breakfast served until 11:00+,meals,boolean,,,,,late breakfast,,,,
meals.early_breakfast,Breakfast from 06:00,meals,boolean,,,,,early breakfast,,,,
meals.grab_and_go_breakfast,Grab-and-go breakfast,meals,boolean,,,,,,,,,
meals.vegetarian_options,Vegetarian options,meals,boolean,,,,,vegetarian,,,,
meals.vegan_options,Vegan options,meals,boolean,,,,,vegan,,,,
meals.gluten_free_options,Gluten-free options,meals,boolean,,,,,celiac|coeliac,,,,
meals.lactose_free_options,Lactose-free options,meals,boolean,,,,,,,,,
meals.nut_free_kitchen,Nut-allergy aware kitchen,meals,boolean,,,,,,,,,
meals.halal_food,Halal food,meals,boolean,,,,,halal,,,,
meals.kosher_food,Kosher food,meals,boolean,,,,,kosher,,,,
meals.keto_options,Keto / low-carb options,meals,boolean,,,,,,,,,
meals.organic_food,Organic / local produce,meals,boolean,,,,,farm to table,,,,
meals.kids_menu,Kids' menu,meals,boolean,,,,,,,,,
meals.restaurant,Restaurant on site,meals,boolean,,,,,,,,,
meals.michelin_restaurant,Michelin-starred restaurant,meals,boolean,,,,,michelin,,,,
meals.fine_dining,Fine dining,meals,boolean,,,,,,,,,
meals.rooftop_restaurant,Rooftop restaurant,meals,boolean,,,,,,,,,
meals.bar,Bar,meals,boolean,,,,,,,style.alcohol_free_property,,
meals.rooftop_bar,Rooftop bar,meals,boolean,,,,,,,,,
meals.wine_bar,Wine bar,meals,boolean,,,,,,,style.alcohol_free_property,,
meals.cocktail_bar,Cocktail bar,meals,boolean,,,,,,,style.alcohol_free_property,,
meals.pool_bar,Pool bar,meals,boolean,,,,,swim-up bar,,,,
meals.cafe,Café,meals,boolean,,,,,coffee shop,,,,
meals.bakery,Bakery on site,meals,boolean,,,,,,,,,
meals.room_service,Room service,meals,boolean,,,,,,,,,
meals.room_service_24h,24-hour room service,meals,boolean,,,,,,,,,
meals.snack_bar,Snack bar,meals,boolean,,,,,,,,,
meals.happy_hour,Happy hour,meals,boolean,,,,,,,,,
meals.free_drinks_evening,Free evening drinks,meals,boolean,,,,,,,,,
meals.afternoon_tea,Afternoon tea,meals,boolean,,,,,,,,,
meals.packed_lunch,Packed lunch on request,meals,boolean,,,,,,,,,
meals.private_chef,Private chef available,meals,boolean,,,,,,,,,
meals.bbq_facilities,BBQ facilities,meals,boolean,,,,,,,,,
meals.cooking_classes,Cooking classes,meals,boolean,,,,,,,,,
meals.wine_tasting,Wine tasting,meals,boolean,,,,,,,,,
meals.brewery_on_site,Brewery / distillery on site,meals,boolean,,,,,,,,,
meals.tea_ceremony,Tea ceremony,meals,boolean,,,,,,,,,
meals.in_room_dining_menu,In-room dining menu,meals,boolean,,,,,,,,,
meals.dinner_included,Dinner included,meals,boolean,,,,,,,,,
cuisine.italian,Italian cuisine on site,cuisine,boolean,,,,,italian food|italian restaurant,,,,
cuisine.french,French cuisine on site,cuisine,boolean,,,,,french food|french restaurant,,,,
cuisine.japanese,Japanese cuisine on site,cuisine,boolean,,,,,japanese food|japanese restaurant,,,,
cuisine.chinese,Chinese cuisine on site,cuisine,boolean,,,,,chinese food|chinese restaurant,,,,
cuisine.thai,Thai cuisine on site,cuisine,boolean,,,,,thai food|thai restaurant,,,,
cuisine.indian,Indian cuisine on site,cuisine,boolean,,,,,indian food|indian restaurant,,,,
cuisine.mexican,Mexican cuisine on site,cuisine,boolean,,,,,mexican food|mexican restaurant,,,,
cuisine.spanish,Spanish cuisine on site,cuisine,boolean,,,,,spanish food|spanish restaurant,,,,
cuisine.greek,Greek cuisine on site,cuisine,boolean,,,,,greek food|greek restaurant,,,,
cuisine.turkish,Turkish cuisine on site,cuisine,boolean,,,,,turkish food|turkish restaurant,,,,
cuisine.lebanese,Lebanese cuisine on site,cuisine,boolean,,,,,lebanese food|lebanese restaurant,,,,
cuisine.moroccan,Moroccan cuisine on site,cuisine,boolean,,,,,moroccan food|moroccan restaurant,,,,
cuisine.korean,Korean cuisine on site,cuisine,boolean,,,,,korean food|korean restaurant,,,,
cuisine.vietnamese,Vietnamese cuisine on site,cuisine,boolean,,,,,vietnamese food|vietnamese restaurant,,,,
cuisine.seafood,Seafood cuisine on site,cuisine,boolean,,,,,seafood food|seafood restaurant,,,,
cuisine.steakhouse,Steakhouse cuisine on site,cuisine,boolean,,,,,steakhouse food|steakhouse restaurant,,,,
cuisine.local,Local cuisine on site,cuisine,boolean,,,,,local food|local restaurant,,,,
cuisine.mediterranean,Mediterranean cuisine on site,cuisine,boolean,,,,,mediterranean food|mediterranean restaurant,,,,
cuisine.middle_eastern,Middle eastern cuisine on site,cuisine,boolean,,,,,middle_eastern food|middle_eastern restaurant,,,,
cuisine.fusion,Fusion cuisine on site,cuisine,boolean,,,,,fusion food|fusion restaurant,,,,
cuisine.peruvian,Peruvian cuisine on site,cuisine,boolean,,,,,peruvian food|peruvian restaurant,,,,
cuisine.brazilian,Brazilian cuisine on site,cuisine,boolean,,,,,brazilian food|brazilian restaurant,,,,
cuisine.german,German cuisine on site,cuisine,boolean,,,,,german food|german restaurant,,,,
cuisine.dutch,Dutch cuisine on site,cuisine,boolean,,,,,dutch food|dutch restaurant,,,,
cuisine.scandinavian,Scandinavian cuisine on site,cuisine,boolean,,,,,scandinavian food|scandinavian restaurant,,,,
cuisine.georgian,Georgian cuisine on site,cuisine,boolean,,,,,georgian food|georgian restaurant,,,,
wellness.spa,Spa,wellness,boolean,,,,,wellness,,,,
wellness.sauna,Sauna,wellness,boolean,,,,,,,,,
wellness.infrared_sauna,Infrared sauna,wellness,boolean,,,,,,,,,
wellness.steam_room,Steam room,wellness,boolean,,,,,,,,,
wellness.hammam,Hammam / Turkish bath,wellness,boolean,,,,,turkish bath,,,,
wellness.onsen,Onsen / hot spring bath,wellness,boolean,,,,,hot spring,,,,
wellness.hot_tub,Hot tub,wellness,boolean,,,,,jacuzzi|whirlpool,,,,
wellness.massage,Massage,wellness,boolean,,,,,,,,,
wellness.couples_massage,Couples massage,wellness,boolean,,,,,,,,,
wellness.facial_treatments,Facial treatments,wellness,boolean,,,,,,,,,
wellness.manicure_pedicure,Manicure / pedicure,wellness,boolean,,,,,,,,,
wellness.thalasso,Thalassotherapy,wellness,boolean,,,,,,,,,
wellness.cold_plunge,Cold plunge / ice bath,wellness,boolean,,,,,ice bath,,,,
wellness.salt_room,Salt room,wellness,boolean,,,,,,,,,
wellness.float_tank,Floatation tank,wellness,boolean,,,,,,,,,
wellness.cryotherapy,Cryotherapy,wellness,boolean,,,,,,,,,
wellness.meditation_room,Meditation room,wellness,boolean,,,,,meditation,,,,
wellness.yoga_classes,Yoga classes,wellness,boolean,,,,,yoga class,,,,
wellness.pilates_classes,Pilates classes,wellness,boolean,,,,,,,,,
wellness.fitness_centre,Fitness centre,wellness,boolean,,,,,gym,,,,
wellness.gym_24h,24-hour gym,wellness,boolean,,,,,,,,wellness.fitness_centre,
wellness.personal_trainer,Personal trainer,wellness,boolean,,,,,,,,,
wellness.free_weights,Free weights,wellness,boolean,,,,,,,,,
wellness.peloton_bikes,Spin / Peloton bikes,wellness,boolean,,,,,,,,,
wellness.running_routes,Running routes / maps,wellness,boolean,,,,,jogging,,,,
wellness.boxing_studio,Boxing studio,wellness,boolean,,,,,,,,,
wellness.medical_spa,Medical spa,wellness,boolean,,,,,,,,,
wellness.detox_programme,Detox programme,wellness,boolean,,,,,,,,,
wellness.sleep_programme,Sleep programme,wellness,boolean,,,,,,,,,
wellness.ayurveda,Ayurveda,wellness,boolean,,,,,,,,,
pool.pool_length,Pool length,pool,range,m,5,100,,lap pool|long pool,,,,
pool.pool_water_temperature,Pool water temperature,pool,range,°C,15,40,,warm pool,,,,
pool.swimming_pool,Swimming pool,pool,boolean,,,,,pool,,,,
pool.indoor_pool,Indoor pool,pool,boolean,,,,,,,,,
pool.outdoor_pool,Outdoor pool,pool,boolean,,,,,,,,,
pool.heated_pool,Heated pool,pool,boolean,,,,,,,,pool.swimming_pool,
pool.infinity_pool,Infinity pool,pool,boolean,,,,,,,,pool.swimming_pool,
pool.rooftop_pool,Rooftop pool,pool,boolean,,,,,,,,pool.swimming_pool,
pool.saltwater_pool,Saltwater pool,pool,boolean,,,,,,,,,
pool.kids_pool,Kids' pool,pool,boolean,,,,,children's pool,,,,
pool.adults_only_pool,Adults-only pool,pool,boolean,,,,,,,,,
pool.water_slide,Water slide,pool,boolean,,,,,waterpark,,,,
pool.lazy_river,Lazy river,pool,boolean,,,,,,,,,
pool.swim_up_room,Swim-up room,pool,boolean,,,,,,,,,
pool.pool_open_all_year,Pool open year-round,pool,boolean,,,,,,,,,
pool.lifeguard,Lifeguard on duty,pool,boolean,,,,,,,,,
pool.pool_towels,Pool towels provided,pool,boolean,,,,,,,,,
pool.sun_loungers,Sun loungers,pool,boolean,,,,,,,,,
pool.cabanas,Cabanas,pool,boolean,,,,,,,,,
pool.natural_pool,Natural / swimming pond,pool,boolean,,,,,,,,,
pool.private_beach,Private beach,pool,boolean,,,,,,,,,coast
pool.beach_towels,Beach towels & chairs,pool,boolean,,,,,,,,,
family.min_child_age_allowed,Minimum child age allowed,family,range,years,0,18,,,,,,
family.kids_club,Kids' club,family,boolean,,,,,,,style.adults_only,,
family.teen_club,Teen club,family,boolean,,,,,,,,,
family.babysitting,Babysitting,family,boolean,,,,,nanny,,,,
family.playground,Playground,family,boolean,,,,,,,,,
family.indoor_play_area,Indoor play area,family,boolean,,,,,,,,,
family.kids_stay_free,Kids stay free,family,boolean,,,,,,,style.adults_only,,
family.baby_equipment,"Baby equipment (high chair, bath)",family,boolean,,,,,high chair,,,,
family.stroller_rental,Stroller rental,family,boolean,,,,,pram,,,,
family.baby_monitor,Baby monitor,family,boolean,,,,,,,,,
family.childproofed_rooms,Child-proofed rooms,family,boolean,,,,,,,,,
family.kids_activities,Kids' activities programme,family,boolean,,,,,,,,,
family.family_entertainment,Evening family entertainment,family,boolean,,,,,mini disco,,,,
family.children_welcome_amenities,Welcome gifts for kids,family,boolean,,,,,,,,,
family.bunk_room_for_kids,Separate kids' bunk room,family,boolean,,,,,,,,,
family.changing_table,Baby changing table,family,boolean,,,,,,,,,
family.kids_tv_channels,Kids' TV channels,family,boolean,,,,,,,,,
family.family_bathroom,Family bathroom,family,boolean,,,,,,,,,
family.baby_food_available,Baby food available,family,boolean,,,,,,,,,
accessibility.wheelchair_accessible,Wheelchair accessible,accessibility,boolean,,,,,wheelchair|disabled access,,,,
accessibility.step_free_access,Step-free access,accessibility,boolean,,,,,no steps,,,,
accessibility.roll_in_shower,Roll-in shower,accessibility,boolean,,,,,,,,,
accessibility.shower_chair,Shower chair,accessibility,boolean,,,,,,,,,
accessibility.grab_bars,Grab bars in bathroom,accessibility,boolean,,,,,grab rails,,,,
accessibility.raised_toilet,Raised toilet,accessibility,boolean,,,,,,,,,
accessibility.lowered_sink,Lowered sink,accessibility,boolean,,,,,,,,,
accessibility.wide_doorways,Doorways ≥ 80 cm,accessibility,boolean,,,,,,,,,
accessibility.accessible_parking,Accessible parking,accessibility,boolean,,,,,,,,,
accessibility.elevator_to_all_floors,Elevator to all floors,accessibility,boolean,,,,,,,,,
accessibility.braille_signage,Braille / tactile signage,accessibility,boolean,,,,,,,,,
accessibility.visual_alarms,Visual fire alarms,accessibility,boolean,,,,,,,,,
accessibility.hearing_loop,Hearing loop,accessibility,boolean,,,,,,,,,
accessibility.tty_phone,TTY phone,accessibility,boolean,,,,,,,,,
accessibility.service_animals_allowed,Service animals allowed,accessibility,boolean,,,,,guide dog,,,,
accessibility.accessible_pool_lift,Pool hoist / lift,accessibility,boolean,,,,,,,,,
accessibility.hoist_in_room,Ceiling hoist in room,accessibility,boolean,,,,,,,,,
accessibility.adjustable_height_bed,Adjustable-height bed,accessibility,boolean,,,,,,,,,
accessibility.low_bed,Low bed,accessibility,boolean,,,,,,,,,
accessibility.emergency_cord,Emergency cord in bathroom,accessibility,boolean,,,,,,,,,
accessibility.accessible_restaurant,Accessible restaurant,accessibility,boolean,,,,,,,,,
accessibility.sign_language_staff,Sign-language staff,accessibility,boolean,,,,,,,,,
accessibility.sensory_friendly,Sensory-friendly / autism-friendly,accessibility,boolean,,,,,autism,,,,
accessibility.allergy_friendly_rooms,Allergy-friendly rooms,accessibility,boolean,,,,,,,,,
accessibility.mobility_scooter_charging,Mobility-scooter charging,accessibility,boolean,,,,,,,,,
pets.max_pet_weight,Max pet weight allowed,pets,range,kg,1,80,,big dog|small dog,,,,
pets.max_pets,Max number of pets,pets,range,pets,1,5,,,,,,
pets.pet_fee,Pet fee per night,pets,range,EUR,0,200,,,,,,
pets.pets_allowed,Pets allowed,pets,boolean,,,,,pet friendly|pet-friendly|bring my dog|with my cat,pet_policy,,,
pets.no_pets_on_property,No pets on property (allergy-safe),pets,boolean,,,,,no pets|pet free|allergic to dogs,pet_policy,pets.dogs_allowed|pets.cats_allowed|pets.free_pet_stay,,
pets.dogs_allowed,Dogs allowed,pets,boolean,,,,,dog friendly,,pets.no_pets_on_property,pets.pets_allowed,
pets.cats_allowed,Cats allowed,pets,boolean,,,,,,,pets.no_pets_on_property,pets.pets_allowed,
pets.free_pet_stay,Pets stay free,pets,boolean,,,,,,,pets.no_pets_on_property,,
pets.pet_bed_and_bowls,Pet bed & bowls,pets,boolean,,,,,,,,,
pets.dog_walking_service,Dog-walking service,pets,boolean,,,,,,,,,
pets.pet_sitting,Pet sitting,pets,boolean,,,,,,,,,
pets.dog_park_nearby,Dog park nearby,pets,boolean,,,,,,,,,
pets.pet_menu,Pet menu,pets,boolean,,,,,,,,,
pets.pets_in_restaurant,Pets allowed in restaurant,pets,boolean,,,,,,,,,
pets.pet_grooming,Pet grooming,pets,boolean,,,,,,,,,
parking.parking_price,Parking price per day,parking,range,EUR,0,100,,,,,,
parking.max_vehicle_height,Max vehicle height in garage,parking,range,m,1.5,4.5,,van|camper,,,,
parking.free_parking,Free parking,parking,boolean,,,,,,,,parking.on_site_parking,
parking.on_site_parking,On-site parking,parking,boolean,,,,,,,,,
parking.private_parking,Private parking,parking,boolean,,,,,,,,,
parking.secure_parking,Secure / guarded parking,parking,boolean,,,,,,,,,
parking.covered_parking,Covered / garage parking,parking,boolean,,,,,garage,,,,
parking.valet_parking,Valet parking,parking,boolean,,,,,,,,,
parking.street_parking,Free street parking,parking,boolean,,,,,,,,,
parking.parking_reservation,Parking can be reserved,parking,boolean,,,,,,,,,
parking.ev_charging,EV charging,parking,boolean,,,,,electric car|tesla charger,,,,
parking.ev_charging_free,Free EV charging,parking,boolean,,,,,,,,parking.ev_charging,
parking.rv_parking,RV / camper parking,parking,boolean,,,,,,,,,
parking.motorcycle_parking,Motorcycle parking,parking,boolean,,,,,,,,,
parking.bike_storage,Bike storage,parking,boolean,,,,,,,,,
parking.bike_rental,Bike rental,parking,boolean,,,,,bicycle,,,,
parking.free_bikes,Free bikes,parking,boolean,,,,,,,,,
parking.e_bike_rental,E-bike rental,parking,boolean,,,,,,,,,
parking.scooter_rental,Scooter rental,parking,boolean,,,,,,,,,
parking.car_rental_desk,Car rental desk,parking,boolean,,,,,,,,,
parking.airport_shuttle,Airport shuttle,parking,boolean,,,,,,,,,
parking.free_airport_shuttle,Free airport shuttle,parking,boolean,,,,,,,,,
parking.train_station_shuttle,Train-station shuttle,parking,boolean,,,,,,,,,
parking.city_shuttle,Shuttle to city centre,parking,boolean,,,,,,,,,
parking.ski_shuttle,Ski shuttle,parking,boolean,,,,,,,,,
parking.beach_shuttle,Beach shuttle,parking,boolean,,,,,,,,,
parking.private_transfer,Private transfer,parking,boolean,,,,,,,,,
parking.limousine_service,Limousine service,parking,boolean,,,,,,,,,
parking.free_public_transport_pass,Free public-transport pass,parking,boolean,,,,,city card,,,,
parking.helipad,Helipad,parking,boolean,,,,,,,,,
parking.boat_dock,Boat dock / mooring,parking,boolean,,,,,,,,,
policies.check_in_from,Earliest check-in time,policies,range,hour,0,24,,early check-in,,,,
policies.check_out_until,Latest check-out time,policies,range,hour,0,24,,late checkout,,,,
policies.min_guest_age,Minimum guest age,policies,range,years,0,30,,,,,,
policies.security_deposit,Security deposit,policies,range,EUR,0,2000,,,,,,
policies.min_nights,Minimum stay required,policies,range,nights,1,30,,,,,,
policies.front_desk_24h,24-hour front desk,policies,boolean,,,,,24h reception|late arrival,,,,
policies.self_check_in,Self check-in,policies,boolean,,,,,keybox|contactless check in,,,,
policies.mobile_key,Mobile room key,policies,boolean,,,,,digital key,,,,
policies.express_check_in_out,Express check-in / check-out,policies,boolean,,,,,,,,,
policies.early_check_in_available,Early check-in available,policies,boolean,,,,,,,,,
policies.late_check_out_available,Late check-out available,policies,boolean,,,,,,,,,
policies.concierge,Concierge,policies,boolean,,,,,,,,,
policies.butler_service,Butler service,policies,boolean,,,,,,,,,
policies.daily_housekeeping,Daily housekeeping,policies,boolean,,,,,,,,,
policies.eco_housekeeping_option,Opt-out housekeeping (eco),policies,boolean,,,,,,,,,
policies.tour_desk,Tour desk,policies,boolean,,,,,,,,,
policies.ticket_service,Ticket service,policies,boolean,,,,,,,,,
policies.currency_exchange,Currency exchange,policies,boolean,,,,,,,,,
policies.wake_up_service,Wake-up service,policies,boolean,,,,,,,,,
policies.non_smoking_rooms,Non-smoking rooms,policies,boolean,,,,,non smoking,,policies.smoking_rooms,,
policies.smoking_rooms,Smoking rooms,policies,boolean,,,,,smoker,,style.smoke_free_property|policies.non_smoking_rooms,,
policies.parties_allowed,Parties / events allowed,policies,boolean,,,,,,,,,
policies.quiet_hours,Enforced quiet hours,policies,boolean,,,,,,,,,
policies.visitors_allowed,Visitors allowed,policies,boolean,,,,,,,,,
policies.unmarried_couples_allowed,Unmarried couples welcome,policies,boolean,,,,,,,,,
policies.local_couples_allowed,Local-resident couples welcome,policies,boolean,,,,,,,,,
policies.id_not_required_at_checkin,No ID scan at check-in,policies,boolean,,,,,,,,,
policies.private_check_in,Private check-in / check-out,policies,boolean,,,,,,,,,
policies.free_room_upgrade_possible,Free upgrade on availability,policies,boolean,,,,,,,,,
policies.welcome_drink,Welcome drink,policies,boolean,,,,,,,,,
policies.honesty_bar,Honesty bar,policies,boolean,,,,,,,,,
language.staff_speaks_english,Staff speak English,language,boolean,,,,,English speaking staff|speaks English,,,,
language.staff_speaks_dutch,Staff speak Dutch,language,boolean,,,,,Dutch speaking staff|speaks Dutch,,,,
language.staff_speaks_german,Staff speak German,language,boolean,,,,,German speaking staff|speaks German,,,,
language.staff_speaks_french,Staff speak French,language,boolean,,,,,French speaking staff|speaks French,,,,
language.staff_speaks_spanish,Staff speak Spanish,language,boolean,,,,,Spanish speaking staff|speaks Spanish,,,,
language.staff_speaks_italian,Staff speak Italian,language,boolean,,,,,Italian speaking staff|speaks Italian,,,,
language.staff_speaks_portuguese,Staff speak Portuguese,language,boolean,,,,,Portuguese speaking staff|speaks Portuguese,,,,
language.staff_speaks_russian,Staff speak Russian,language,boolean,,,,,Russian speaking staff|speaks Russian,,,,
language.staff_speaks_ukrainian,Staff speak Ukrainian,language,boolean,,,,,Ukrainian speaking staff|speaks Ukrainian,,,,
language.staff_speaks_polish,Staff speak Polish,language,boolean,,,,,Polish speaking staff|speaks Polish,,,,
language.staff_speaks_czech,Staff speak Czech,language,boolean,,,,,Czech speaking staff|speaks Czech,,,,
language.staff_speaks_slovak,Staff speak Slovak,language,boolean,,,,,Slovak speaking staff|speaks Slovak,,,,
language.staff_speaks_hungarian,Staff speak Hungarian,language,boolean,,,,,Hungarian speaking staff|speaks Hungarian,,,,
language.staff_speaks_romanian,Staff speak Romanian,language,boolean,,,,,Romanian speaking staff|speaks Romanian,,,,
language.staff_speaks_bulgarian,Staff speak Bulgarian,language,boolean,,,,,Bulgarian speaking staff|speaks Bulgarian,,,,
language.staff_speaks_greek,Staff speak Greek,language,boolean,,,,,Greek speaking staff|speaks Greek,,,,
language.staff_speaks_turkish,Staff speak Turkish,language,boolean,,,,,Turkish speaking staff|speaks Turkish,,,,
language.staff_speaks_arabic,Staff speak Arabic,language,boolean,,,,,Arabic speaking staff|speaks Arabic,,,,
language.staff_speaks_hebrew,Staff speak Hebrew,language,boolean,,,,,Hebrew speaking staff|speaks Hebrew,,,,
language.staff_speaks_persian,Staff speak Persian,language,boolean,,,,,Persian speaking staff|speaks Persian,,,,
language.staff_speaks_hindi,Staff speak Hindi,language,boolean,,,,,Hindi speaking staff|speaks Hindi,,,,
language.staff_speaks_urdu,Staff speak Urdu,language,boolean,,,,,Urdu speaking staff|speaks Urdu,,,,
language.staff_speaks_bengali,Staff speak Bengali,language,boolean,,,,,Bengali speaking staff|speaks Bengali,,,,
language.staff_speaks_tamil,Staff speak Tamil,language,boolean,,,,,Tamil speaking staff|speaks Tamil,,,,
language.staff_speaks_thai,Staff speak Thai,language,boolean,,,,,Thai speaking staff|speaks Thai,,,,
language.staff_speaks_vietnamese,Staff speak Vietnamese,language,boolean,,,,,Vietnamese speaking staff|speaks Vietnamese,,,,
language.staff_speaks_indonesian,Staff speak Indonesian,language,boolean,,,,,Indonesian speaking staff|speaks Indonesian,,,,
language.staff_speaks_malay,Staff speak Malay,language,boolean,,,,,Malay speaking staff|speaks Malay,,,,
language.staff_speaks_tagalog,Staff speak Tagalog,language,boolean,,,,,Tagalog speaking staff|speaks Tagalog,,,,
language.staff_speaks_chinese_mandarin,Staff speak Chinese Mandarin,language,boolean,,,,,Chinese Mandarin speaking staff|speaks Chinese Mandarin,,,,
language.staff_speaks_chinese_cantonese,Staff speak Chinese Cantonese,language,boolean,,,,,Chinese Cantonese speaking staff|speaks Chinese Cantonese,,,,
language.staff_speaks_japanese,Staff speak Japanese,language,boolean,,,,,Japanese speaking staff|speaks Japanese,,,,
language.staff_speaks_korean,Staff speak Korean,language,boolean,,,,,Korean speaking staff|speaks Korean,,,,
language.staff_speaks_swedish,Staff speak Swedish,language,boolean,,,,,Swedish speaking staff|speaks Swedish,,,,
language.staff_speaks_norwegian,Staff speak Norwegian,language,boolean,,,,,Norwegian speaking staff|speaks Norwegian,,,,
language.staff_speaks_danish,Staff speak Danish,language,boolean,,,,,Danish speaking staff|speaks Danish,,,,
language.staff_speaks_finnish,Staff speak Finnish,language,boolean,,,,,Finnish speaking staff|speaks Finnish,,,,
language.staff_speaks_icelandic,Staff speak Icelandic,language,boolean,,,,,Icelandic speaking staff|speaks Icelandic,,,,
language.staff_speaks_estonian,Staff speak Estonian,language,boolean,,,,,Estonian speaking staff|speaks Estonian,,,,
language.staff_speaks_latvian,Staff speak Latvian,language,boolean,,,,,Latvian speaking staff|speaks Latvian,,,,
language.staff_speaks_lithuanian,Staff speak Lithuanian,language,boolean,,,,,Lithuanian speaking staff|speaks Lithuanian,,,,
language.staff_speaks_croatian,Staff speak Croatian,language,boolean,,,,,Croatian speaking staff|speaks Croatian,,,,
language.staff_speaks_serbian,Staff speak Serbian,language,boolean,,,,,Serbian speaking staff|speaks Serbian,,,,
language.staff_speaks_slovenian,Staff speak Slovenian,language,boolean,,,,,Slovenian speaking staff|speaks Slovenian,,,,
language.staff_speaks_albanian,Staff speak Albanian,language,boolean,,,,,Albanian speaking staff|speaks Albanian,,,,
language.staff_speaks_georgian,Staff speak Georgian,language,boolean,,,,,Georgian speaking staff|speaks Georgian,,,,
language.staff_speaks_armenian,Staff speak Armenian,language,boolean,,,,,Armenian speaking staff|speaks Armenian,,,,
language.staff_speaks_azerbaijani,Staff speak Azerbaijani,language,boolean,,,,,Azerbaijani speaking staff|speaks Azerbaijani,,,,
language.staff_speaks_kazakh,Staff speak Kazakh,language,boolean,,,,,Kazakh speaking staff|speaks Kazakh,,,,
language.staff_speaks_swahili,Staff speak Swahili,language,boolean,,,,,Swahili speaking staff|speaks Swahili,,,,
language.staff_speaks_catalan,Staff speak Catalan,language,boolean,,,,,Catalan speaking staff|speaks Catalan,,,,
language.staff_speaks_basque,Staff speak Basque,language,boolean,,,,,Basque speaking staff|speaks Basque,,,,
language.staff_speaks_sign_language_international,Staff speak Sign Language International,language,boolean,,,,,Sign Language International speaking staff|speaks Sign Language International,,,,
activities.skiing,Skiing,activities,boolean,,,,,skiing,,,,ski_area
activities.snowboarding,Snowboarding,activities,boolean,,,,,snowboarding,,,,
activities.cross_country_skiing,Cross country skiing,activities,boolean,,,,,cross country skiing,,,,
activities.ice_skating,Ice skating,activities,boolean,,,,,ice skating,,,,
activities.sledding,Sledding,activities,boolean,,,,,sledding,,,,
activities.snowshoeing,Snowshoeing,activities,boolean,,,,,snowshoeing,,,,
activities.diving,Diving,activities,boolean,,,,,diving,,,,
activities.snorkelling,Snorkelling,activities,boolean,,,,,snorkelling,,,,
activities.surfing,Surfing,activities,boolean,,,,,surfing,,,,
activities.kitesurfing,Kitesurfing,activities,boolean,,,,,kitesurfing,,,,
activities.windsurfing,Windsurfing,activities,boolean,,,,,windsurfing,,,,
activities.sailing,Sailing,activities,boolean,,,,,sailing,,,,
activities.kayaking,Kayaking,activities,boolean,,,,,kayaking,,,,
activities.canoeing,Canoeing,activities,boolean,,,,,canoeing,,,,
activities.stand_up_paddle,Stand up paddle,activities,boolean,,,,,stand up paddle,,,,
activities.jet_ski,Jet ski,activities,boolean,,,,,jet ski,,,,
activities.fishing,Fishing,activities,boolean,,,,,fishing,,,,
activities.water_skiing,Water skiing,activities,boolean,,,,,water skiing,,,,
activities.golf,Golf,activities,boolean,,,,,golf,,,,
activities.mini_golf,Mini golf,activities,boolean,,,,,mini golf,,,,
activities.tennis,Tennis,activities,boolean,,,,,tennis,,,,
activities.padel,Padel,activities,boolean,,,,,padel,,,,
activities.squash,Squash,activities,boolean,,,,,squash,,,,
activities.badminton,Badminton,activities,boolean,,,,,badminton,,,,
activities.table_tennis,Table tennis,activities,boolean,,,,,table tennis,,,,
activities.volleyball,Volleyball,activities,boolean,,,,,volleyball,,,,
activities.basketball,Basketball,activities,boolean,,,,,basketball,,,,
activities.football_pitch,Football pitch,activities,boolean,,,,,football pitch,,,,
activities.horse_riding,Horse riding,activities,boolean,,,,,horse riding,,,,
activities.cycling_tours,Cycling tours,activities,boolean,,,,,cycling tours,,,,
activities.mountain_biking,Mountain biking,activities,boolean,,,,,mountain biking,,,,
activities.hiking,Hiking,activities,boolean,,,,,hiking,,,,
activities.rock_climbing,Rock climbing,activities,boolean,,,,,rock climbing,,,,
activities.via_ferrata,Via ferrata,activities,boolean,,,,,via ferrata,,,,
activities.paragliding,Paragliding,activities,boolean,,,,,paragliding,,,,
activities.hot_air_balloon,Hot air balloon,activities,boolean,,,,,hot air balloon,,,,
activities.zip_lining,Zip lining,activities,boolean,,,,,zip lining,,,,
activities.safari,Safari,activities,boolean,,,,,safari,,,,
activities.whale_watching,Whale watching,activities,boolean,,,,,whale watching,,,,
activities.bird_watching,Bird watching,activities,boolean,,,,,bird watching,,,,
activities.stargazing,Stargazing,activities,boolean,,,,,stargazing,,,,
activities.wine_tours,Wine tours,activities,boolean,,,,,wine tours,,,,
activities.city_tours,City tours,activities,boolean,,,,,city tours,,,,
activities.walking_tours,Walking tours,activities,boolean,,,,,walking tours,,,,
activities.boat_tours,Boat tours,activities,boolean,,,,,boat tours,,,,
activities.cooking_school,Cooking school,activities,boolean,,,,,cooking school,,,,
activities.art_classes,Art classes,activities,boolean,,,,,art classes,,,,
activities.dance_classes,Dance classes,activities,boolean,,,,,dance classes,,,,
activities.live_music,Live music,activities,boolean,,,,,live music,,,,
activities.evening_entertainment,Evening entertainment,activities,boolean,,,,,evening entertainment,,,,
activities.karaoke,Karaoke,activities,boolean,,,,,karaoke,,,,
activities.nightclub_on_site,Nightclub on site,activities,boolean,,,,,nightclub on site,,,,
activities.casino,Casino,activities,boolean,,,,,casino,,,,
activities.bowling,Bowling,activities,boolean,,,,,bowling,,,,
activities.escape_room,Escape room,activities,boolean,,,,,escape room,,,,
activities.archery,Archery,activities,boolean,,,,,archery,,,,
activities.shooting_range,Shooting range,activities,boolean,,,,,shooting range,,,,
activities.spa_day_passes,Spa day passes,activities,boolean,,,,,spa day passes,,,,
activities.hot_springs_nearby,Hot springs nearby,activities,boolean,,,,,hot springs nearby,,,,
activities.caving,Caving,activities,boolean,,,,,caving,,,,
activities.canyoning,Canyoning,activities,boolean,,,,,canyoning,,,,
activities.rafting,Rafting,activities,boolean,,,,,rafting,,,,
activities.fishing_charters,Fishing charters,activities,boolean,,,,,fishing charters,,,,
activities.yacht_charter,Yacht charter,activities,boolean,,,,,yacht charter,,,,
activities.museum_passes,Museum passes,activities,boolean,,,,,museum passes,,,,
activities.theatre_nearby,Theatre nearby,activities,boolean,,,,,theatre nearby,,,,
activities.festival_nearby,Festival nearby,activities,boolean,,,,,festival nearby,,,,
sustainability.eco_certified,"Eco-certified (Green Key, EarthCheck…)",sustainability,boolean,,,,,green key|sustainable|eco certified,,,,
sustainability.carbon_neutral,Carbon neutral,sustainability,boolean,,,,,,,,,
sustainability.renewable_energy,100% renewable energy,sustainability,boolean,,,,,solar,,,,
sustainability.no_single_use_plastic,No single-use plastics,sustainability,boolean,,,,,,,,,
sustainability.water_saving,Water-saving measures,sustainability,boolean,,,,,,,,,
sustainability.local_sourcing,Locally sourced food,sustainability,boolean,,,,,,,,,
sustainability.composting,Composting / food-waste programme,sustainability,boolean,,,,,,,,,
sustainability.ev_fleet,Electric vehicle fleet,sustainability,boolean,,,,,,,,,
sustainability.community_projects,Supports local community projects,sustainability,boolean,,,,,,,,,
sustainability.b_corp,B Corp certified,sustainability,boolean,,,,,,,,,
sustainability.passive_house,Passive-house building,sustainability,boolean,,,,,,,,,
sustainability.rainwater_harvesting,Rainwater harvesting,sustainability,boolean,,,,,,,,,
sustainability.wildlife_protection,Wildlife protection programme,sustainability,boolean,,,,,,,,,
sustainability.fair_trade_products,Fair-trade products,sustainability,boolean,,,,,,,,,
sustainability.green_roof,Green roof,sustainability,boolean,,,,,,,,,
safety.security_24h,24-hour security,safety,boolean,,,,,,,,,
safety.cctv_common_areas,CCTV in common areas,safety,boolean,,,,,,,,,
safety.smoke_detectors,Smoke detectors,safety,boolean,,,,,,,,,
safety.carbon_monoxide_detector,Carbon-monoxide detector,safety,boolean,,,,,,,,,
safety.fire_extinguishers,Fire extinguishers,safety,boolean,,,,,,,,,
safety.first_aid_kit,First-aid kit,safety,boolean,,,,,,,,,
safety.doctor_on_call,Doctor on call,safety,boolean,,,,,,,,,
safety.defibrillator,Defibrillator (AED),safety,boolean,,,,,,,,,
safety.key_card_access,Key-card access,safety,boolean,,,,,,,,,
safety.key_card_elevator,Key-card elevator access,safety,boolean,,,,,,,,,
safety.enhanced_cleaning,Enhanced cleaning protocol,safety,boolean,,,,,,,,,
safety.contactless_service,Contactless service,safety,boolean,,,,,,,,,
safety.in_room_hand_sanitizer,Hand sanitiser in room,safety,boolean,,,,,,,,,
safety.well_lit_entrance,Well-lit entrance,safety,boolean,,,,,,,,,
safety.door_chain_peephole,Door chain / peephole,safety,boolean,,,,,,,,,
brand.hotel_brand,Hotel brand,brand,enum,,,,Marriott|Hilton|Hyatt|IHG|Accor|Wyndham|Choice|Best Western|Radisson|Meliá|NH|Barceló|Four Seasons|Mandarin Oriental|Kempinski|citizenM|Motel One|Premier Inn|Ace Hotel|Soho House,marriott|hilton|hyatt|accor|ihg,,,,
brand.loyalty_programme,Earn loyalty points with,brand,enum,,,,Marriott Bonvoy|Hilton Honors|World of Hyatt|IHG One Rewards|ALL Accor,,,,,
brand.exclude_brands,Exclude brands,brand,enum,,,,Marriott|Hilton|Hyatt|IHG|Accor|Wyndham|Choice|Best Western|Radisson,not marriott|no hilton,,,,
property.number_of_rooms,Number of rooms in property,property,range,rooms,1,3000,,small hotel|big hotel,,,,
property.number_of_floors,Number of floors in building,property,range,floors,1,120,,low rise|skyscraper,,,,
property.free_cancellation_until,Free cancellation until N days before,property,range,days,0,60,,,,,,
property.noise_rating_room,Measured in-room noise rating (lower = quieter),property,range,dB,20,70,,very quiet,,,,
property.meeting_room_capacity,Largest meeting room capacity,property,range,people,2,5000,,,,,,
property.kids_club_min_age,Kids' club minimum age,property,range,years,0,17,,,,,,
property.desk_width,Work desk width,property,range,cm,50,250,,big desk,,,,
property.balcony_size,Balcony / terrace size,property,range,m2,1,200,,big balcony,,,,
property.garden_size,Garden size,property,range,m2,10,50000,,,,,,
property.beach_distance_walk_minutes,Walking minutes to beach,property,range,min,0,60,,,,,,
property.center_distance_walk_minutes,Walking minutes to centre,property,range,min,0,90,,walking distance,,,,
property.sleeps,Sleeps (whole unit),property,range,people,1,30,,for 6 people|sleeps,,,,
property.courtyard_facing_room,Courtyard-facing room (away from street),property,boolean,,,,,not facing street|back side room,,property.street_facing_room,,
property.street_facing_room,Street-facing room,property,boolean,,,,,,,property.courtyard_facing_room,,
property.no_bar_or_club_below,No bar / club in the building,property,boolean,,,,,no bar downstairs|no nightclub|not above a bar,,,,
property.no_construction_nearby,No construction work nearby,property,boolean,,,,,,,,,
property.double_glazing,Double / triple glazing,property,boolean,,,,,double glazed,,,,
property.carpeted_floors,Carpeted floors,property,boolean,,,,,,,,,
property.hardwood_floors,Hardwood floors,property,boolean,,,,,,,,,
property.tatami_floors,Tatami floors,property,boolean,,,,,,,,,
property.exclusive_use,Exclusive use / buyout possible,property,boolean,,,,,,,,,
property.listed_heritage,Listed heritage monument,property,boolean,,,,,,,,,
property.converted_building,"Converted building (warehouse, church…)",property,boolean,,,,,,,,,
trip_purpose.business_trip,Business trip,trip_purpose,boolean,,,,,business trip,,,,
trip_purpose.honeymoon,Honeymoon,trip_purpose,boolean,,,,,honeymoon,,,,
trip_purpose.family_holiday,Family holiday,trip_purpose,boolean,,,,,family holiday,,,,
trip_purpose.solo_trip,Solo trip,trip_purpose,boolean,,,,,solo trip,,,,
trip_purpose.backpacking,Backpacking,trip_purpose,boolean,,,,,backpacking,,,,
trip_purpose.ski_trip,Ski trip,trip_purpose,boolean,,,,,ski trip,,,,
trip_purpose.beach_holiday,Beach holiday,trip_purpose,boolean,,,,,beach holiday,,,,
trip_purpose.city_break,City break,trip_purpose,boolean,,,,,city break,,,,
trip_purpose.romantic_weekend,Romantic weekend,trip_purpose,boolean,,,,,romantic weekend,,,,
trip_purpose.wellness_trip,Wellness trip,trip_purpose,boolean,,,,,wellness trip,,,,
trip_purpose.road_trip_stopover,Road trip stopover,trip_purpose,boolean,,,,,road trip stopover,,,,
trip_purpose.event_or_concert,Event or concert,trip_purpose,boolean,,,,,event or concert,,,,
trip_purpose.medical_trip,Medical trip,trip_purpose,boolean,,,,,medical trip,,,,
trip_purpose.workation,Workation,trip_purpose,boolean,,,,,workation,,,,
trip_purpose.student_trip,Student trip,trip_purpose,boolean,,,,,student trip,,,,
trip_purpose.girls_trip,Girls trip,trip_purpose,boolean,,,,,girls trip,,,,
trip_purpose.bachelor_party,Bachelor party,trip_purpose,boolean,,,,,bachelor party,,,,
trip_purpose.wedding_guest,Wedding guest,trip_purpose,boolean,,,,,wedding guest,,,,
trip_purpose.layover,Layover,trip_purpose,boolean,,,,,layover,,,,
trip_purpose.anniversary,Anniversary,trip_purpose,boolean,,,,,anniversary,,,,
trip_purpose.babymoon,Babymoon,trip_purpose,boolean,,,,,babymoon,,,,
trip_purpose.pilgrimage,Pilgrimage,trip_purpose,boolean,,,,,pilgrimage,,,,
trip_purpose.sports_event,Sports event,trip_purpose,boolean,,,,,sports event,,,,
trip_purpose.conference_attendee,Conference attendee,trip_purpose,boolean,,,,,conference attendee,,,,
services_ski.ski_storage,Ski storage,services_ski,boolean,,,,,ski room,,,,
services_ski.ski_rental,Ski rental on site,services_ski,boolean,,,,,,,,,
services_ski.boot_dryer,Boot dryer,services_ski,boolean,,,,,,,,,
services_ski.ski_school,Ski school,services_ski,boolean,,,,,,,,,
services_ski.ski_pass_sales,Ski-pass sales,services_ski,boolean,,,,,,,,,
services_ski.ski_valet,Ski valet,services_ski,boolean,,,,,,,,,
services_ski.apres_ski_bar,Après-ski bar,services_ski,boolean,,,,,apres ski,,,,
services_ski.snow_chains_rental,Snow-chain rental,services_ski,boolean,,,,,,,,,
services_beach.beach_umbrellas,Beach umbrellas included,services_beach,boolean,,,,,,,,,
services_beach.water_sports_centre,Water-sports centre,services_beach,boolean,,,,,,,,,
services_beach.beach_club,Beach club,services_beach,boolean,,,,,,,,,
services_beach.snorkel_gear,Free snorkel gear,services_beach,boolean,,,,,,,,,
services_beach.dive_centre,PADI dive centre,services_beach,boolean,,,,,padi,,,,
services_beach.beach_butler,Beach butler,services_beach,boolean,,,,,,,,,
services_beach.sandy_beach,Sandy beach,services_beach,boolean,,,,,sand beach,,,,
services_beach.pebble_beach,Pebble beach,services_beach,boolean,,,,,,,,,
services_beach.calm_water_beach,Calm-water / shallow beach,services_beach,boolean,,,,,safe for kids swimming,,,,
services_beach.blue_flag_beach,Blue Flag beach,services_beach,boolean,,,,,,,,,
services_active.bike_repair_kit,Bike repair station,services_active,boolean,,,,,,,,,
services_active.bike_wash,Bike wash,services_active,boolean,,,,,,,,,
services_active.cyclist_friendly,Cyclist-friendly (Bett+Bike etc.),services_active,boolean,,,,,cyclists,,,,
services_active.hiking_maps,Hiking maps & advice,services_active,boolean,,,,,,,,,
services_active.guided_hikes,Guided hikes,services_active,boolean,,,,,,,,,
services_active.boot_room,Boot / drying room,services_active,boolean,,,,,drying room,,,,
services_active.motorcyclist_friendly,Motorcyclist-friendly,services_active,boolean,,,,,bikers,,,,
services_active.golf_club_storage,Golf-club storage,services_active,boolean,,,,,,,,,
services_active.golf_discounts,Golf green-fee discounts,services_active,boolean,,,,,,,,,
services_active.tennis_coaching,Tennis coaching,services_active,boolean,,,,,,,,,
services_active.equipment_rental,Sports equipment rental,services_active,boolean,,,,,,,,,
services_active.marathon_friendly,Runner / marathon packages,services_active,boolean,,,,,,,,,
culture.qibla_direction,Qibla direction marked,culture,boolean,,,,,,,,,
culture.prayer_mat,Prayer mat available,culture,boolean,,,,,,,,,
culture.no_pork_served,No pork served,culture,boolean,,,,,,,,,
culture.alcohol_free_minibar,Alcohol-free minibar,culture,boolean,,,,,,,,,
culture.sabbath_elevator,Sabbath elevator,culture,boolean,,,,,shabbat,,,,
culture.non_electronic_keys,Mechanical keys (Shabbat-friendly),culture,boolean,,,,,,,,,
culture.synagogue_nearby,Synagogue nearby,culture,boolean,,,,,,,,,
culture.mosque_nearby,Mosque nearby,culture,boolean,,,,,,,,,
culture.church_nearby,Church nearby,culture,boolean,,,,,,,,,
culture.temple_nearby,Temple nearby,culture,boolean,,,,,,,,,
culture.separate_wellness_hours,Gender-separated wellness hours,culture,boolean,,,,,,,,,
culture.ramadan_meals,Suhoor / iftar meals,culture,boolean,,,,,,,,,
events.av_equipment,AV equipment,events,boolean,,,,,projector,,,,
events.video_conferencing,Video-conferencing equipment,events,boolean,,,,,,,,,
events.wedding_packages,Wedding packages,events,boolean,,,,,,,,,
events.banquet_hall,Banquet hall,events,boolean,,,,,,,,,
events.outdoor_event_space,Outdoor event space,events,boolean,,,,,,,,,
events.team_building,Team-building activities,events,boolean,,,,,,,,,
events.group_rates,Group rates,events,boolean,,,,,,,,,
events.event_coordinator,Dedicated event coordinator,events,boolean,,,,,,,,,
nearby.pharmacy_within_500m,Pharmacy within 500 m,nearby,boolean,,,,,,,,,
nearby.laundromat_within_500m,Laundromat within 500 m,nearby,boolean,,,,,,,,,
nearby.gym_within_500m,Gym within 500 m,nearby,boolean,,,,,,,,,
nearby.coworking_space_within_500m,Coworking space within 500 m,nearby,boolean,,,,,,,,,
nearby.bakery_within_500m,Bakery within 500 m,nearby,boolean,,,,,,,,,
nearby.cafe_within_500m,Cafe within 500 m,nearby,boolean,,,,,,,,,
nearby.grocery_store_within_500m,Grocery store within 500 m,nearby,boolean,,,,,,,,,
nearby.atm_within_500m,Atm within 500 m,nearby,boolean,,,,,,,,,
nearby.hospital_within_500m,Hospital within 500 m,nearby,boolean,,,,,,,,,
nearby.vegan_restaurant_within_500m,Vegan restaurant within 500 m,nearby,boolean,,,,,,,,,
nearby.playground_within_500m,Playground within 500 m,nearby,boolean,,,,,,,,,
nearby.beach_bar_within_500m,Beach bar within 500 m,nearby,boolean,,,,,,,,,
nearby.bike_share_station_within_500m,Bike share station within 500 m,nearby,boolean,,,,,,,,,
nearby.ev_charging_station_within_500m,Ev charging station within 500 m,nearby,boolean,,,,,,,,,
nearby.late_night_food_within_500m,Late night food within 500 m,nearby,boolean,,,,,,,,,
nearby.tourist_information_within_500m,Tourist information within 500 m,nearby,boolean,,,,,,,,,
nearby.car_rental_within_500m,Car rental within 500 m,nearby,boolean,,,,,,,,,
nearby.yoga_studio_within_500m,Yoga studio within 500 m,nearby,boolean,,,,,,,,,
nearby.public_pool_within_500m,Public pool within 500 m,nearby,boolean,,,,,,,,,
nearby.night_market_within_500m,Night market within 500 m,nearby,boolean,,,,,,,,,
occasions.christmas_programme,Christmas programme,occasions,boolean,,,,,,,,,
occasions.new_year_party,New Year's Eve party,occasions,boolean,,,,,nye,,,,
occasions.valentines_package,Valentine's package,occasions,boolean,,,,,,,,,
occasions.birthday_package,Birthday / celebration package,occasions,boolean,,,,,,,,,
occasions.honeymoon_package,Honeymoon package,occasions,boolean,,,,,,,,,
occasions.proposal_package,Proposal package,occasions,boolean,,,,,,,,,
occasions.romantic_room_decoration,Romantic room decoration,occasions,boolean,,,,,rose petals,,,,
occasions.champagne_on_arrival,Champagne on arrival,occasions,boolean,,,,,,,,,
occasions.summer_open_air_cinema,Open-air cinema,occasions,boolean,,,,,,,,,
occasions.festival_packages,Festival / event packages,occasions,boolean,,,,,,,,,
guest_services.personal_shopper,Personal shopper,guest_services,boolean,,,,,,,,,
guest_services.in_room_massage,In-room massage,guest_services,boolean,,,,,,,,,
guest_services.grocery_delivery,Grocery delivery before arrival,guest_services,boolean,,,,,,,,,
guest_services.luggage_forwarding,Luggage forwarding,guest_services,boolean,,,,,,,,,
guest_services.medical_assistance,24-h medical assistance,guest_services,boolean,,,,,,,,,
guest_services.multilingual_concierge,Multilingual concierge,guest_services,boolean,,,,,,,,,
guest_services.tailor_service,Tailor service,guest_services,boolean,,,,,,,,,
guest_services.photography_service,Photography service,guest_services,boolean,,,,,,,,,
guest_services.chauffeur_service,Chauffeur service,guest_services,boolean,,,,,,,,,
guest_services.pet_friendly_rooms_only_floor,Dedicated pet-free floors,guest_services,boolean,,,,,,,,,
guest_services.rooftop_yoga,Rooftop yoga sessions,guest_services,boolean,,,,,,,,,
guest_services.guest_bicycles_kids,Kids' bicycles,guest_services,boolean,,,,,,,,,
guest_services.free_welcome_snacks,Free welcome snacks,guest_services,boolean,,,,,,,,,
guest_services.free_evening_snacks,Free evening snacks,guest_services,boolean,,,,,,,,,
guest_services.free_coffee_all_day,Free coffee all day,guest_services,boolean,,,,,,,,,
guest_services.free_laundry,Free laundry,guest_services,boolean,,,,,,,,,
